<Anims>
 <anim name="BUILD" root="swap_myitem_bank" numframes="1000" framerate="40">
  <frame idx="0" w="142" h="149" x="-0.583344" y="-6.833344">
   <element name="swap_myitem" layername="swap_myitem" frame="0" z_index="1" m_a="1.000000" m_b="0.000000" m_c="0.000000" m_d="1.000000" m_tx="-64.583336" m_ty="-70.833336"/>
  </frame>
  <frame idx="25" w="142" h="149" x="-0.583344" y="-6.833344">
   <element name="swap_myitem" layername="swap_myitem" frame="0" z_index="1" m_a="1.000000" m_b="0.000000" m_c="0.000000" m_d="1.000000" m_tx="-64.583336" m_ty="-70.833336"/>
  </frame>
  <frame idx="50" w="142" h="149" x="-0.583344" y="-6.833344">
   <element name="swap_myitem" layername="swap_myitem" frame="0" z_index="1" m_a="1.000000" m_b="0.000000" m_c="0.000000" m_d="1.000000" m_tx="-64.583336" m_ty="-70.833336"/>
  </frame>
  <frame idx="75" w="142" h="149" x="-0.583344" y="-6.833344">
   <element name="swap_myitem" layername="swap_myitem" frame="0" z_index="1" m_a="1.000000" m_b="0.000000" m_c="0.000000" m_d="1.000000" m_tx="-64.583336" m_ty="-70.833336"/>
  </frame>
  <frame idx="100" w="142" h="149" x="-0.583344" y="-6.833344">
   <element name="swap_myitem" layername="swap_myitem" frame="0" z_index="1" m_a="1.000000" m_b="0.000000" m_c="0.000000" m_d="1.000000" m_tx="-64.583336" m_ty="-70.833336"/>
  </frame>
  <frame idx="125" w="142" h="149" x="-0.583344" y="-6.833344">
   <element name="swap_myitem" layername="swap_myitem" frame="0" z_index="1" m_a="1.000000" m_b="0.000000" m_c="0.000000" m_d="1.000000" m_tx="-64.583336" m_ty="-70.833336"/>
  </frame>
  <frame idx="150" w="142" h="149" x="-0.583344" y="-6.833344">
   <element name="swap_myitem" layername="swap_myitem" frame="0" z_index="1" m_a="1.000000" m_b="0.000000" m_c="0.000000" m_d="1.000000" m_tx="-64.583336" m_ty="-70.833336"/>
  </frame>
  <frame idx="175" w="142" h="149" x="-0.583344" y="-6.833344">
   <element name="swap_myitem" layername="swap_myitem" frame="0" z_index="1" m_a="1.000000" m_b="0.000000" m_c="0.000000" m_d="1.000000" m_tx="-64.583336" m_ty="-70.833336"/>
  </frame>
  <frame idx="200" w="142" h="149" x="-0.583344" y="-6.833344">
   <element name="swap_myitem" layername="swap_myitem" frame="0" z_index="1" m_a="1.000000" m_b="0.000000" m_c="0.000000" m_d="1.000000" m_tx="-64.583336" m_ty="-70.833336"/>
  </frame>
  <frame idx="225" w="142" h="149" x="-0.583344" y="-6.833344">
   <element name="swap_myitem" layername="swap_myitem" frame="0" z_index="1" m_a="1.000000" m_b="0.000000" m_c="0.000000" m_d="1.000000" m_tx="-64.583336" m_ty="-70.833336"/>
  </frame>
  <frame idx="250" w="142" h="149" x="-0.583344" y="-6.833344">
   <element name="swap_myitem" layername="swap_myitem" frame="0" z_index="1" m_a="1.000000" m_b="0.000000" m_c="0.000000" m_d="1.000000" m_tx="-64.583336" m_ty="-70.833336"/>
  </frame>
  <frame idx="275" w="142" h="149" x="-0.583344" y="-6.833344">
   <element name="swap_myitem" layername="swap_myitem" frame="0" z_index="1" m_a="1.000000" m_b="0.000000" m_c="0.000000" m_d="1.000000" m_tx="-64.583336" m_ty="-70.833336"/>
  </frame>
  <frame idx="300" w="142" h="149" x="-0.583344" y="-6.833344">
   <element name="swap_myitem" layername="swap_myitem" frame="0" z_index="1" m_a="1.000000" m_b="0.000000" m_c="0.000000" m_d="1.000000" m_tx="-64.583336" m_ty="-70.833336"/>
  </frame>
  <frame idx="325" w="142" h="149" x="-0.583344" y="-6.833344">
   <element name="swap_myitem" layername="swap_myitem" frame="0" z_index="1" m_a="1.000000" m_b="0.000000" m_c="0.000000" m_d="1.000000" m_tx="-64.583336" m_ty="-70.833336"/>
  </frame>
  <frame idx="350" w="142" h="149" x="-0.583344" y="-6.833344">
   <element name="swap_myitem" layername="swap_myitem" frame="0" z_index="1" m_a="1.000000" m_b="0.000000" m_c="0.000000" m_d="1.000000" m_tx="-64.583336" m_ty="-70.833336"/>
  </frame>
  <frame idx="375" w="142" h="149" x="-0.583344" y="-6.833344">
   <element name="swap_myitem" layername="swap_myitem" frame="0" z_index="1" m_a="1.000000" m_b="0.000000" m_c="0.000000" m_d="1.000000" m_tx="-64.583336" m_ty="-70.833336"/>
  </frame>
  <frame idx="400" w="142" h="149" x="-0.583344" y="-6.833344">
   <element name="swap_myitem" layername="swap_myitem" frame="0" z_index="1" m_a="1.000000" m_b="0.000000" m_c="0.000000" m_d="1.000000" m_tx="-64.583336" m_ty="-70.833336"/>
  </frame>
  <frame idx="425" w="142" h="149" x="-0.583344" y="-6.833344">
   <element name="swap_myitem" layername="swap_myitem" frame="0" z_index="1" m_a="1.000000" m_b="0.000000" m_c="0.000000" m_d="1.000000" m_tx="-64.583336" m_ty="-70.833336"/>
  </frame>
  <frame idx="450" w="142" h="149" x="-0.583344" y="-6.833344">
   <element name="swap_myitem" layername="swap_myitem" frame="0" z_index="1" m_a="1.000000" m_b="0.000000" m_c="0.000000" m_d="1.000000" m_tx="-64.583336" m_ty="-70.833336"/>
  </frame>
  <frame idx="475" w="142" h="149" x="-0.583344" y="-6.833344">
   <element name="swap_myitem" layername="swap_myitem" frame="0" z_index="1" m_a="1.000000" m_b="0.000000" m_c="0.000000" m_d="1.000000" m_tx="-64.583336" m_ty="-70.833336"/>
  </frame>
  <frame idx="500" w="142" h="149" x="-0.583344" y="-6.833344">
   <element name="swap_myitem" layername="swap_myitem" frame="0" z_index="1" m_a="1.000000" m_b="0.000000" m_c="0.000000" m_d="1.000000" m_tx="-64.583336" m_ty="-70.833336"/>
  </frame>
  <frame idx="525" w="142" h="149" x="-0.583344" y="-6.833344">
   <element name="swap_myitem" layername="swap_myitem" frame="0" z_index="1" m_a="1.000000" m_b="0.000000" m_c="0.000000" m_d="1.000000" m_tx="-64.583336" m_ty="-70.833336"/>
  </frame>
  <frame idx="550" w="142" h="149" x="-0.583344" y="-6.833344">
   <element name="swap_myitem" layername="swap_myitem" frame="0" z_index="1" m_a="1.000000" m_b="0.000000" m_c="0.000000" m_d="1.000000" m_tx="-64.583336" m_ty="-70.833336"/>
  </frame>
  <frame idx="575" w="142" h="149" x="-0.583344" y="-6.833344">
   <element name="swap_myitem" layername="swap_myitem" frame="0" z_index="1" m_a="1.000000" m_b="0.000000" m_c="0.000000" m_d="1.000000" m_tx="-64.583336" m_ty="-70.833336"/>
  </frame>
  <frame idx="600" w="142" h="149" x="-0.583344" y="-6.833344">
   <element name="swap_myitem" layername="swap_myitem" frame="0" z_index="1" m_a="1.000000" m_b="0.000000" m_c="0.000000" m_d="1.000000" m_tx="-64.583336" m_ty="-70.833336"/>
  </frame>
  <frame idx="625" w="142" h="149" x="-0.583344" y="-6.833344">
   <element name="swap_myitem" layername="swap_myitem" frame="0" z_index="1" m_a="1.000000" m_b="0.000000" m_c="0.000000" m_d="1.000000" m_tx="-64.583336" m_ty="-70.833336"/>
  </frame>
  <frame idx="650" w="142" h="149" x="-0.583344" y="-6.833344">
   <element name="swap_myitem" layername="swap_myitem" frame="0" z_index="1" m_a="1.000000" m_b="0.000000" m_c="0.000000" m_d="1.000000" m_tx="-64.583336" m_ty="-70.833336"/>
  </frame>
  <frame idx="675" w="142" h="149" x="-0.583344" y="-6.833344">
   <element name="swap_myitem" layername="swap_myitem" frame="0" z_index="1" m_a="1.000000" m_b="0.000000" m_c="0.000000" m_d="1.000000" m_tx="-64.583336" m_ty="-70.833336"/>
  </frame>
  <frame idx="700" w="142" h="149" x="-0.583344" y="-6.833344">
   <element name="swap_myitem" layername="swap_myitem" frame="0" z_index="1" m_a="1.000000" m_b="0.000000" m_c="0.000000" m_d="1.000000" m_tx="-64.583336" m_ty="-70.833336"/>
  </frame>
  <frame idx="725" w="142" h="149" x="-0.583344" y="-6.833344">
   <element name="swap_myitem" layername="swap_myitem" frame="0" z_index="1" m_a="1.000000" m_b="0.000000" m_c="0.000000" m_d="1.000000" m_tx="-64.583336" m_ty="-70.833336"/>
  </frame>
  <frame idx="750" w="142" h="149" x="-0.583344" y="-6.833344">
   <element name="swap_myitem" layername="swap_myitem" frame="0" z_index="1" m_a="1.000000" m_b="0.000000" m_c="0.000000" m_d="1.000000" m_tx="-64.583336" m_ty="-70.833336"/>
  </frame>
  <frame idx="775" w="142" h="149" x="-0.583344" y="-6.833344">
   <element name="swap_myitem" layername="swap_myitem" frame="0" z_index="1" m_a="1.000000" m_b="0.000000" m_c="0.000000" m_d="1.000000" m_tx="-64.583336" m_ty="-70.833336"/>
  </frame>
  <frame idx="800" w="142" h="149" x="-0.583344" y="-6.833344">
   <element name="swap_myitem" layername="swap_myitem" frame="0" z_index="1" m_a="1.000000" m_b="0.000000" m_c="0.000000" m_d="1.000000" m_tx="-64.583336" m_ty="-70.833336"/>
  </frame>
  <frame idx="825" w="142" h="149" x="-0.583344" y="-6.833344">
   <element name="swap_myitem" layername="swap_myitem" frame="0" z_index="1" m_a="1.000000" m_b="0.000000" m_c="0.000000" m_d="1.000000" m_tx="-64.583336" m_ty="-70.833336"/>
  </frame>
  <frame idx="850" w="142" h="149" x="-0.583344" y="-6.833344">
   <element name="swap_myitem" layername="swap_myitem" frame="0" z_index="1" m_a="1.000000" m_b="0.000000" m_c="0.000000" m_d="1.000000" m_tx="-64.583336" m_ty="-70.833336"/>
  </frame>
  <frame idx="875" w="142" h="149" x="-0.583344" y="-6.833344">
   <element name="swap_myitem" layername="swap_myitem" frame="0" z_index="1" m_a="1.000000" m_b="0.000000" m_c="0.000000" m_d="1.000000" m_tx="-64.583336" m_ty="-70.833336"/>
  </frame>
  <frame idx="900" w="142" h="149" x="-0.583344" y="-6.833344">
   <element name="swap_myitem" layername="swap_myitem" frame="0" z_index="1" m_a="1.000000" m_b="0.000000" m_c="0.000000" m_d="1.000000" m_tx="-64.583336" m_ty="-70.833336"/>
  </frame>
  <frame idx="925" w="142" h="149" x="-0.583344" y="-6.833344">
   <element name="swap_myitem" layername="swap_myitem" frame="0" z_index="1" m_a="1.000000" m_b="0.000000" m_c="0.000000" m_d="1.000000" m_tx="-64.583336" m_ty="-70.833336"/>
  </frame>
  <frame idx="950" w="142" h="149" x="-0.583344" y="-6.833344">
   <element name="swap_myitem" layername="swap_myitem" frame="0" z_index="1" m_a="1.000000" m_b="0.000000" m_c="0.000000" m_d="1.000000" m_tx="-64.583336" m_ty="-70.833336"/>
  </frame>
  <frame idx="975" w="142" h="149" x="-0.583344" y="-6.833344">
   <element name="swap_myitem" layername="swap_myitem" frame="0" z_index="1" m_a="1.000000" m_b="0.000000" m_c="0.000000" m_d="1.000000" m_tx="-64.583336" m_ty="-70.833336"/>
  </frame>
 </anim>
</Anims>
